Date,Tenor : 10; Maturity : 0.0833333333333333,Tenor : 10; Maturity : 0.25,Tenor : 10; Maturity : 0.5,Tenor : 10; Maturity : 0.75,Tenor : 10; Maturity : 1,Tenor : 10; Maturity : 1.5,Tenor : 10; Maturity : 10,Tenor : 10; Maturity : 15,Tenor : 10; Maturity : 2,Tenor : 10; Maturity : 20,Tenor : 10; Maturity : 25,Tenor : 10; Maturity : 3,Tenor : 10; Maturity : 30,Tenor : 10; Maturity : 4,Tenor : 10; Maturity : 5,Tenor : 10; Maturity : 7,Tenor : 15; Maturity : 0.0833333333333333,Tenor : 15; Maturity : 0.25,Tenor : 15; Maturity : 0.5,Tenor : 15; Maturity : 0.75,Tenor : 15; Maturity : 1,Tenor : 15; Maturity : 1.5,Tenor : 15; Maturity : 10,Tenor : 15; Maturity : 15,Tenor : 15; Maturity : 2,Tenor : 15; Maturity : 20,Tenor : 15; Maturity : 25,Tenor : 15; Maturity : 3,Tenor : 15; Maturity : 30,Tenor : 15; Maturity : 4,Tenor : 15; Maturity : 5,Tenor : 15; Maturity : 7,Tenor : 1; Maturity : 0.0833333333333333,Tenor : 1; Maturity : 0.25,Tenor : 1; Maturity : 0.5,Tenor : 1; Maturity : 0.75,Tenor : 1; Maturity : 1,Tenor : 1; Maturity : 1.5,Tenor : 1; Maturity : 10,Tenor : 1; Maturity : 15,Tenor : 1; Maturity : 2,Tenor : 1; Maturity : 20,Tenor : 1; Maturity : 25,Tenor : 1; Maturity : 3,Tenor : 1; Maturity : 30,Tenor : 1; Maturity : 4,Tenor : 1; Maturity : 5,Tenor : 1; Maturity : 7,Tenor : 20; Maturity : 0.0833333333333333,Tenor : 20; Maturity : 0.25,Tenor : 20; Maturity : 0.5,Tenor : 20; Maturity : 0.75,Tenor : 20; Maturity : 1,Tenor : 20; Maturity : 1.5,Tenor : 20; Maturity : 10,Tenor : 20; Maturity : 15,Tenor : 20; Maturity : 2,Tenor : 20; Maturity : 20,Tenor : 20; Maturity : 25,Tenor : 20; Maturity : 3,Tenor : 20; Maturity : 30,Tenor : 20; Maturity : 4,Tenor : 20; Maturity : 5,Tenor : 20; Maturity : 7,Tenor : 25; Maturity : 0.0833333333333333,Tenor : 25; Maturity : 0.25,Tenor : 25; Maturity : 0.5,Tenor : 25; Maturity : 0.75,Tenor : 25; Maturity : 1,Tenor : 25; Maturity : 1.5,Tenor : 25; Maturity : 10,Tenor : 25; Maturity : 15,Tenor : 25; Maturity : 2,Tenor : 25; Maturity : 20,Tenor : 25; Maturity : 25,Tenor : 25; Maturity : 3,Tenor : 25; Maturity : 30,Tenor : 25; Maturity : 4,Tenor : 25; Maturity : 5,Tenor : 25; Maturity : 7,Tenor : 2; Maturity : 0.0833333333333333,Tenor : 2; Maturity : 0.25,Tenor : 2; Maturity : 0.5,Tenor : 2; Maturity : 0.75,Tenor : 2; Maturity : 1,Tenor : 2; Maturity : 1.5,Tenor : 2; Maturity : 10,Tenor : 2; Maturity : 15,Tenor : 2; Maturity : 2,Tenor : 2; Maturity : 20,Tenor : 2; Maturity : 25,Tenor : 2; Maturity : 3,Tenor : 2; Maturity : 30,Tenor : 2; Maturity : 4,Tenor : 2; Maturity : 5,Tenor : 2; Maturity : 7,Tenor : 30; Maturity : 0.0833333333333333,Tenor : 30; Maturity : 0.25,Tenor : 30; Maturity : 0.5,Tenor : 30; Maturity : 0.75,Tenor : 30; Maturity : 1,Tenor : 30; Maturity : 1.5,Tenor : 30; Maturity : 10,Tenor : 30; Maturity : 15,Tenor : 30; Maturity : 2,Tenor : 30; Maturity : 20,Tenor : 30; Maturity : 25,Tenor : 30; Maturity : 3,Tenor : 30; Maturity : 30,Tenor : 30; Maturity : 4,Tenor : 30; Maturity : 5,Tenor : 30; Maturity : 7,Tenor : 3; Maturity : 0.0833333333333333,Tenor : 3; Maturity : 0.25,Tenor : 3; Maturity : 0.5,Tenor : 3; Maturity : 0.75,Tenor : 3; Maturity : 1,Tenor : 3; Maturity : 1.5,Tenor : 3; Maturity : 10,Tenor : 3; Maturity : 15,Tenor : 3; Maturity : 2,Tenor : 3; Maturity : 20,Tenor : 3; Maturity : 25,Tenor : 3; Maturity : 3,Tenor : 3; Maturity : 30,Tenor : 3; Maturity : 4,Tenor : 3; Maturity : 5,Tenor : 3; Maturity : 7,Tenor : 4; Maturity : 0.0833333333333333,Tenor : 4; Maturity : 0.25,Tenor : 4; Maturity : 0.5,Tenor : 4; Maturity : 0.75,Tenor : 4; Maturity : 1,Tenor : 4; Maturity : 1.5,Tenor : 4; Maturity : 10,Tenor : 4; Maturity : 15,Tenor : 4; Maturity : 2,Tenor : 4; Maturity : 20,Tenor : 4; Maturity : 25,Tenor : 4; Maturity : 3,Tenor : 4; Maturity : 30,Tenor : 4; Maturity : 4,Tenor : 4; Maturity : 5,Tenor : 4; Maturity : 7,Tenor : 5; Maturity : 0.0833333333333333,Tenor : 5; Maturity : 0.25,Tenor : 5; Maturity : 0.5,Tenor : 5; Maturity : 0.75,Tenor : 5; Maturity : 1,Tenor : 5; Maturity : 1.5,Tenor : 5; Maturity : 10,Tenor : 5; Maturity : 15,Tenor : 5; Maturity : 2,Tenor : 5; Maturity : 20,Tenor : 5; Maturity : 25,Tenor : 5; Maturity : 3,Tenor : 5; Maturity : 30,Tenor : 5; Maturity : 4,Tenor : 5; Maturity : 5,Tenor : 5; Maturity : 7,Tenor : 6; Maturity : 0.0833333333333333,Tenor : 6; Maturity : 0.25,Tenor : 6; Maturity : 0.5,Tenor : 6; Maturity : 0.75,Tenor : 6; Maturity : 1,Tenor : 6; Maturity : 1.5,Tenor : 6; Maturity : 10,Tenor : 6; Maturity : 15,Tenor : 6; Maturity : 2,Tenor : 6; Maturity : 20,Tenor : 6; Maturity : 25,Tenor : 6; Maturity : 3,Tenor : 6; Maturity : 30,Tenor : 6; Maturity : 4,Tenor : 6; Maturity : 5,Tenor : 6; Maturity : 7,Tenor : 7; Maturity : 0.0833333333333333,Tenor : 7; Maturity : 0.25,Tenor : 7; Maturity : 0.5,Tenor : 7; Maturity : 0.75,Tenor : 7; Maturity : 1,Tenor : 7; Maturity : 1.5,Tenor : 7; Maturity : 10,Tenor : 7; Maturity : 15,Tenor : 7; Maturity : 2,Tenor : 7; Maturity : 20,Tenor : 7; Maturity : 25,Tenor : 7; Maturity : 3,Tenor : 7; Maturity : 30,Tenor : 7; Maturity : 4,Tenor : 7; Maturity : 5,Tenor : 7; Maturity : 7,Tenor : 8; Maturity : 0.0833333333333333,Tenor : 8; Maturity : 0.25,Tenor : 8; Maturity : 0.5,Tenor : 8; Maturity : 0.75,Tenor : 8; Maturity : 1,Tenor : 8; Maturity : 1.5,Tenor : 8; Maturity : 10,Tenor : 8; Maturity : 15,Tenor : 8; Maturity : 2,Tenor : 8; Maturity : 20,Tenor : 8; Maturity : 25,Tenor : 8; Maturity : 3,Tenor : 8; Maturity : 30,Tenor : 8; Maturity : 4,Tenor : 8; Maturity : 5,Tenor : 8; Maturity : 7,Tenor : 9; Maturity : 0.0833333333333333,Tenor : 9; Maturity : 0.25,Tenor : 9; Maturity : 0.5,Tenor : 9; Maturity : 0.75,Tenor : 9; Maturity : 1,Tenor : 9; Maturity : 1.5,Tenor : 9; Maturity : 10,Tenor : 9; Maturity : 15,Tenor : 9; Maturity : 2,Tenor : 9; Maturity : 20,Tenor : 9; Maturity : 25,Tenor : 9; Maturity : 3,Tenor : 9; Maturity : 30,Tenor : 9; Maturity : 4,Tenor : 9; Maturity : 5,Tenor : 9; Maturity : 7,Type
2050-01-01,0.0355946112670686,0.062604674315035,0.0863163373337878,0.105750226529981,0.12340770416214,0.143632795659283,0.251948142514148,0.272272271870685,0.166807647638277,0.289368578846006,0.308700298016517,0.189974785233158,0.322392955184738,0.208029149892836,0.225291412741336,0.243476688648894,0.0340054247700223,0.0587917081052191,0.0817500794824505,0.100311490296889,0.114851891457895,0.139182183226508,0.253340542437185,0.270606200150936,0.154276473838047,0.295537134573714,0.323220627371358,0.183596449437538,0.345859193461657,0.202881284706595,0.213276278966296,0.239384681346165,0.0285652484701604,0.0578796002678411,0.0950306178847443,0.127411490251139,0.155058013004869,0.184783853041778,0.275485926358875,0.280885307147255,0.201106670164342,0.292746535439078,0.318603534427938,0.227692768357716,0.328833646814702,0.241174401733712,0.257258945592237,0.266384376309173,0.0326664654852281,0.0560064726543668,0.0788896101271534,0.0977932177611819,0.113380183352884,0.132260165992576,0.255096492185611,0.28057770538063,0.151087866029577,0.302273435190821,0.335933517373098,0.180360720807625,0.359162324771326,0.200835139776178,0.217319704658562,0.239686399519214,0.0324072832078622,0.0555695466703285,0.0806061640674675,0.0963420565239278,0.112621413689937,0.132371148092036,0.264655079749882,0.285035482854402,0.151153561844694,0.317624936445072,0.3482338121026,0.179280222775911,0.346670480406166,0.20302246150954,0.217901760222818,0.239119859649628,0.0386996591094758,0.0699442825021369,0.104716458608393,0.128623575403292,0.14970099640371,0.17465920474627,0.276571927181286,0.281137820998775,0.194546460111412,0.292790335291471,0.316008019349663,0.214867612959413,0.326117079450548,0.238314887959607,0.247516551443563,0.263754488355499,0.032720536612465,0.056699710051394,0.0808986704817309,0.0987667293959976,0.112247534074651,0.134718395193202,0.274354207350674,0.300283060343836,0.156569222004305,0.325265624192922,0.344704766043432,0.181234915352969,0.337670066454542,0.204785720645951,0.218848615046635,0.2508971810241,0.0401265446992372,0.0709052699956987,0.101279921536062,0.125856586374625,0.145457463501966,0.168401289800766,0.266848586377373,0.27313089049444,0.190985179233369,0.293646849561123,0.314292812170521,0.214631888358233,0.327253182426667,0.230383990881337,0.245925406386105,0.260431771181414,0.0407619419194563,0.0699285503975217,0.100354868276845,0.124336514211771,0.138568765771179,0.165567073818479,0.269108245235605,0.270695558848221,0.18544225214694,0.293397958779969,0.31279303631645,0.212635110512516,0.332742945577848,0.228639543938714,0.239010894583808,0.253917603793191,0.0404662555776512,0.0698450701187909,0.0987282819223806,0.120145164942615,0.137195491931683,0.162868388054675,0.259904827598462,0.276366776961654,0.181366179207794,0.291125740219096,0.314030268553923,0.20297145648931,0.331053173415566,0.221535944643546,0.239026568903193,0.257367189466926,0.0389526887052479,0.0660712696413759,0.0967641956078721,0.11452714177152,0.129940724230425,0.158131123132867,0.260853720529358,0.273165189686507,0.174429177398178,0.289575155233648,0.308161023917669,0.199473979928504,0.329056076298658,0.222331956842428,0.233077172198345,0.246960277518572,0.0375534712632436,0.0661055052473977,0.0922956466037546,0.113743778492894,0.128409497218717,0.153535750272723,0.260943524787337,0.273213237300926,0.174597187437706,0.285030696328201,0.312830107250574,0.200123581544194,0.330997236021903,0.217484380998824,0.231146707254826,0.247747857972223,0.0367681209429944,0.06455390337727,0.0901769616514468,0.11177092259102,0.125019487271374,0.149974532548539,0.257460220527085,0.271016486727378,0.168001462051611,0.284042543763738,0.308147829793181,0.195587023034082,0.324675902735202,0.211798215495891,0.22967442348107,0.241705576700517,0.0366455306250858,0.0635333027786931,0.0900023008868364,0.109904877872155,0.122755821361963,0.147711277714041,0.253175889153463,0.272064582130708,0.166378025814262,0.286073825424332,0.309000697767045,0.195828831504154,0.325757646674056,0.210623443222598,0.227303121428554,0.2448829478905,Complete 
2050-01-02,0.0364367015324314,0.0639709646187436,0.0881052478409599,0.107796748658419,0.125684367556157,0.146219842411137,0.254508622736934,0.275368985545433,0.169667720110526,0.293411279630556,0.313143192359321,0.193084849407266,0.328143797164853,0.211104821340461,0.228324906124306,0.246227060708149,0.0347990723089593,0.0600430164832293,0.0833171055455746,0.102151946953976,0.116875821019226,0.141603806293135,0.255941069696323,0.27363645023754,0.156879600022258,0.299488941368805,0.327561981853991,0.186487935714222,0.35181564480272,0.205733693263477,0.216097303202363,0.242149267341778,0.0293336289310767,0.0590552560410553,0.096291352730871,0.128839655063206,0.156859073532424,0.188262724705847,0.278462991549282,0.283903809312402,0.205318496326155,0.296576425417047,0.322781374787462,0.232381457350512,0.334024371168809,0.246576303465615,0.262214838691138,0.270731765655714,0.0333989197313355,0.057203657116546,0.0804313681487567,0.0996335140746526,0.115437861454413,0.134537281322597,0.257526518271644,0.283582690605388,0.153600262403494,0.306073353908088,0.340083969716742,0.183064618980437,0.365196886731472,0.203468488384221,0.219918836225224,0.242271523846024,0.033140475237615,0.0567819540235082,0.0822254196241279,0.0981933399790034,0.114676833658469,0.134623069429923,0.267178809785285,0.288167532131738,0.153610332786335,0.321617235265595,0.352778110185845,0.181911595969504,0.35099281626555,0.205765124886743,0.220414902687758,0.241611021575443,0.0394994596872997,0.0711783080514528,0.106337212400787,0.130752523437382,0.152286380332958,0.178566653337313,0.279522600904786,0.284041077958276,0.199073753411973,0.296731305433126,0.319979932467775,0.21959004846054,0.331011766691938,0.243323669272637,0.25215380745581,0.267818991417065,0.0334558477496483,0.0579186037321148,0.0824942623034511,0.100631273810234,0.114257776103153,0.137067649680554,0.276998073860809,0.303366607436482,0.159156547584359,0.329431280185923,0.348384103087632,0.183930023537994,0.340822397440854,0.207467459323124,0.221501201005379,0.253501833819447,0.0409820425334615,0.0723252272525025,0.103215843884387,0.128044689496016,0.148006656963046,0.172120415265185,0.269621708182055,0.275923583900734,0.195188970861199,0.297659525796296,0.318352315931614,0.219072743878374,0.332122547233791,0.234825581698657,0.250533217400877,0.264277912448108,0.0416381724417516,0.0713062155192648,0.102224232859277,0.12639368214023,0.141118320588417,0.168995659085997,0.271911769374297,0.273579373439235,0.189285231667355,0.297461847550843,0.316865326016625,0.217043803741488,0.337819080023207,0.232987274342427,0.243013909037644,0.257496970773275,0.0413363017636586,0.0713093627555497,0.100656823071218,0.122581788839747,0.139948382000197,0.166155360368046,0.262564420772526,0.27925024358508,0.185116847028247,0.295153613931259,0.318150030993442,0.206988122975943,0.336319312798279,0.225660507965521,0.242798280282716,0.260801682713331,0.0398149190958221,0.0674856728083315,0.0986754099274892,0.116658540246243,0.13245387242708,0.161376049703683,0.263561200437156,0.276127739411644,0.177974343030245,0.293559513556974,0.312264900971098,0.203286595505371,0.334433646896658,0.226088766360181,0.236725151350217,0.250152846087788,0.0383971393249993,0.0674944059748175,0.0941294634932084,0.115940065900432,0.130786924401953,0.156470118546777,0.263625363508246,0.276189499548521,0.177992499752734,0.28898102114574,0.317116052490203,0.203732234184057,0.33656834493185,0.220988149019852,0.234572033529811,0.250932013195059,0.0376312578361387,0.0659392099332152,0.091981534777926,0.113926434474844,0.127411281623447,0.15288288655253,0.260122218453039,0.274006385403228,0.171195819063404,0.287988619452648,0.312391028559497,0.19887992221603,0.330244080574825,0.215138678230107,0.232993322445471,0.244664323147911,0.0375044715451349,0.0649164171664863,0.0918217110113119,0.112041855172586,0.125088596022056,0.150501802016493,0.255769872180947,0.275138658962664,0.169394816791484,0.290051624490907,0.313351857537717,0.199043365888005,0.33146247286388,0.213865213266041,0.230482052778467,0.247742631647209,Complete 
2050-01-03,0.0360615748596522,0.0634233265683004,0.0874432431495367,0.107063232924926,0.124954031626195,0.145391197657023,0.253337518887825,0.273954646826414,0.168831822034286,0.291669680357457,0.311087075478937,0.192047336220566,0.325435971059945,0.209975844676832,0.227253749628539,0.245101484504604,0.0344758971039239,0.0595800586231399,0.0827361490181255,0.101521903292214,0.116214884460762,0.140826937556589,0.254744249807653,0.272224847782246,0.156007926885136,0.29771940011422,0.325405090463204,0.185494855606095,0.348914534882827,0.204714969366493,0.215020186667905,0.240997320096926,0.0286955149708061,0.0579222605041957,0.0949013821338069,0.127290669703464,0.155426247350531,0.186426089405489,0.27729614077448,0.28245827953172,0.203670356696145,0.29492695643895,0.320935227578664,0.230952557954506,0.331319965137712,0.24480943330913,0.260609591101845,0.269340639189812,0.0330927636650984,0.0567375735368501,0.0798695179923573,0.0989952826256974,0.114730411022802,0.133750309409148,0.256365074883551,0.282145613098514,0.152721204264072,0.304273432821602,0.338090150149062,0.182155058657949,0.362235683613092,0.202545453251622,0.218889208610005,0.241142926596405,0.0328386863598866,0.0563225944617302,0.0816464541666661,0.0975337362639112,0.113956259693331,0.133832412153015,0.265907063967522,0.286643908077042,0.152716870593377,0.319685382352819,0.350509623307549,0.180977824432641,0.348651639099453,0.204740991222511,0.219373810373639,0.240495793579106,0.0388163233470309,0.070127448879814,0.105068751530843,0.129442547643912,0.150943404361873,0.176978268006993,0.27830603077532,0.282644101556815,0.197560961914028,0.295049109385201,0.318159069281922,0.218150654019796,0.328341817904596,0.241631680458363,0.250680034138392,0.266405092855227,0.0331540736067729,0.0574477972543323,0.0819324800103093,0.0999872644991152,0.113544617699651,0.136234272403956,0.275658962124592,0.301828399484199,0.158228305003366,0.327443983666884,0.3465392209921,0.182925242584708,0.339026809180439,0.206439470516471,0.220426625541204,0.252272847654001,0.040328217029164,0.0713296166489364,0.102029726782427,0.126908123779862,0.146865510152248,0.170708103329966,0.268440658722867,0.274588630210009,0.193767517747822,0.295958387647834,0.316603621556441,0.217676610592382,0.329538285831436,0.233456896453235,0.249027728868668,0.262879328515689,0.04104220230565,0.0704644680467466,0.101244956193215,0.125465459379345,0.140178841654732,0.167896933644548,0.270677145896487,0.272199936729265,0.188067281318691,0.295742567256489,0.31506754390654,0.215584161394372,0.335200534689889,0.231632086516538,0.241783055079578,0.256182840968343,0.040804195385565,0.0705010504198729,0.0997321943852417,0.121504277287817,0.138876753770778,0.165015023549428,0.261366877149625,0.277884657353425,0.183911714844534,0.293456907148734,0.316316564003052,0.205738816432822,0.333634442868281,0.224360752938848,0.241544438361426,0.259548771274881,0.0393289074092972,0.0667508072583392,0.0978115569198422,0.115797806404922,0.131518337354362,0.160225458379459,0.262340002746143,0.274735827234924,0.176802065782244,0.291872244938682,0.310424265922958,0.202113555452163,0.331707178071417,0.224976111550631,0.235507990887132,0.248959924499225,0.037968373954959,0.0668373977703719,0.0933633152066497,0.115086492244272,0.129957513511932,0.155526191611155,0.262396111757523,0.274812787097769,0.176890427645031,0.28735257045474,0.315191911194852,0.202621358948962,0.333799608385057,0.219858895914955,0.233369364587894,0.249681280812094,0.0372160862786212,0.0653178848760385,0.0912551629703127,0.113112978886126,0.1265617677973,0.151929664019182,0.258901521339848,0.272628875773236,0.170176868687684,0.286347420852016,0.310435588955216,0.197902894854687,0.327487180148775,0.214041799194807,0.231776561390107,0.243427239474736,0.0371068443007558,0.0643396650955552,0.0911372394534855,0.111285319951209,0.12431345672048,0.149593741348158,0.25458134648415,0.273730392286755,0.168474063697757,0.288351645436586,0.311334279165794,0.197966526962444,0.328709571545576,0.212728019439206,0.229363511967424,0.246572437661627,Complete 
2050-01-05,0.0377934208266444,0.0661529106145393,0.09088175617076,0.110884870873966,0.129137317012855,0.149948846835979,0.255800805884206,0.276520999971539,0.17367320050502,0.294930010382562,0.314182984483702,0.196791515326516,0.329771005867032,0.214212612762878,0.231298815573178,0.248042502422269,0.035997875395572,0.0619086308468982,0.0855451792798567,0.104709314000438,0.11958704544842,0.14471133739987,0.256975474185243,0.274293221908069,0.159949926497182,0.300422692116233,0.328144720008141,0.189472159209766,0.353245895798769,0.208374539969979,0.218239437607764,0.243736503164029,0.0308535354706476,0.0616032155414205,0.100249971996621,0.133916034071146,0.163517398624226,0.197162377477001,0.280708131573661,0.285468052036302,0.214011208851431,0.29867776226549,0.324309644640176,0.24040664715211,0.334211032662334,0.254460687334957,0.268901283948957,0.275848151870367,0.0343557069094496,0.0587081924474599,0.0823314551404149,0.101851747984573,0.117802175091985,0.137005219421708,0.258023000635231,0.283791602933828,0.15608116904913,0.306371611798137,0.340533058421104,0.185648029111771,0.366100051794461,0.205605346615973,0.221617236659528,0.2434702738866,0.0340563200592274,0.0582686494374602,0.0841629249320453,0.100300558356957,0.11692331742824,0.136968834103048,0.267429030857922,0.288454999922273,0.155856780842413,0.322009657535409,0.35323895935325,0.184181090084286,0.35140440057743,0.207765736420292,0.221599915910893,0.242390293251678,0.0415362721093136,0.0745159905889754,0.111125079300917,0.1370047151189,0.15910240997918,0.186983701358238,0.281613860445444,0.28539462801484,0.207789884490211,0.298863506938763,0.320999827600021,0.227398713590465,0.331002251823824,0.250192724928208,0.258360723098454,0.272070911390016,0.0342897728027452,0.059303395024178,0.0842853844802793,0.10264572932187,0.116290278268337,0.139302848639754,0.277162687984147,0.303531128008804,0.161445589633992,0.330078673786313,0.348488925315728,0.185897936553513,0.3404649588378,0.209088340082481,0.222846847622361,0.254153150086921,0.043035082552825,0.0757863869133803,0.10805057487432,0.133825244579217,0.154098062753238,0.179613510132805,0.271555904645973,0.277161306026665,0.20270469885657,0.299863536063766,0.319842225099602,0.226048181355019,0.332226242433564,0.241115603564296,0.256425585342448,0.268175059463241,0.0436051656005341,0.0744641589885259,0.106543708915849,0.131401259674603,0.146768005323051,0.175811350853975,0.273698967729028,0.274775586457378,0.195838162675998,0.299700920706398,0.318218097838069,0.223411359588745,0.338149237117431,0.238973077933466,0.248155988785997,0.26093203477348,0.0432410735172381,0.0743914960116519,0.104669307729111,0.127353816651117,0.145098552432017,0.171921228903932,0.264113141067367,0.280604915269481,0.19115829737597,0.297249924566622,0.319450785795798,0.212697723337282,0.336883774149079,0.231027837074395,0.247290607409155,0.264082180962331,0.0415558031336267,0.0701416111650698,0.102365843669449,0.120738951639326,0.136913521348949,0.166611527359825,0.264991704190136,0.277354207960908,0.183298232912241,0.295575504105467,0.31342046567079,0.20857590072931,0.335106236110903,0.230955973968179,0.240929272604472,0.252993424704514,0.0399773309099657,0.0700729068399529,0.0974568846049624,0.119800884917793,0.134861951558128,0.161219146310347,0.265079287283802,0.277474047039282,0.182941112255753,0.290861555623404,0.318380207755353,0.2086367792796,0.337547618592164,0.225254774442382,0.238322815908105,0.253819304279452,0.039167004429882,0.0682421991118008,0.094947979600633,0.117403973103933,0.131117695078273,0.157262444600201,0.261462407159111,0.275253023785515,0.17568680496137,0.289265225389829,0.313435398284714,0.203292486222594,0.331279204453576,0.219055725647711,0.236326435503352,0.246790710648318,0.0389681586266882,0.0672124463404005,0.0948505655323455,0.115519135221707,0.128752250356355,0.154574072242637,0.257086136174823,0.276295072745877,0.173657691940928,0.291711797104844,0.314427008936122,0.203023945053338,0.332810962927815,0.217400364452134,0.233762927980907,0.249959594140828,Complete 
2050-01-06,0.037492219722042,0.0657090671753015,0.09032830482816,0.110252781996927,0.12849564228152,0.149182734236413,0.254359727255165,0.274689700299332,0.172853091852317,0.292601236801502,0.311398106887263,0.195699908967767,0.326145868633128,0.212959110632843,0.230073010979072,0.246653852015577,0.035718485122018,0.0614994780267642,0.0850187246595104,0.104118952239006,0.118937718026458,0.143919947254683,0.255450731493371,0.272392275255069,0.159027557889122,0.297991633861081,0.325237718613408,0.188353960214322,0.349390245813784,0.207182091939287,0.216915272555921,0.242288493715163,0.030405789458,0.0608842888431428,0.0996390853188004,0.133389469442402,0.163277452953599,0.196482853728223,0.279301879882004,0.283734172963867,0.213121862047862,0.296608313308843,0.321859413329934,0.239307418143458,0.330526193754616,0.252836670105335,0.267315749768954,0.274331745852024,0.0340640750811152,0.0582469319366287,0.0817603463180587,0.101186591296131,0.117043997039597,0.136132809884276,0.25647667246753,0.281791927428019,0.155067357651275,0.303839908379906,0.337757447363654,0.184563585572273,0.362047920857827,0.204464263764339,0.220317197547104,0.242030628659542,0.0337590428102127,0.0578015047102132,0.0835583317818172,0.0995939015122307,0.116131114643591,0.136075833388998,0.265729750062239,0.286365798878554,0.154806942138476,0.319348336245469,0.350140309430302,0.183048650753387,0.348331458671275,0.206485979861542,0.220226964985518,0.240908095423849,0.0411735137326044,0.0740150109397724,0.110649726968402,0.136616041255167,0.158648361461286,0.186203919621561,0.280150824272767,0.283692566201561,0.206846026541164,0.296739600087212,0.31854143035969,0.22621551969469,0.327413267887991,0.24857219918107,0.256891204042788,0.27048362978577,0.0339753574297732,0.0588078643620447,0.0836711328286102,0.101924455504025,0.115475236993743,0.138327721857259,0.275357330461301,0.301408988571811,0.160330238943291,0.327353230549089,0.345921189337174,0.18463314165185,0.338022188960166,0.207743663211322,0.221433975339689,0.252507689910214,0.042680841416022,0.0752796721552123,0.107518816278645,0.133428413135354,0.153631150385017,0.178794571919203,0.270156321112972,0.275515767278657,0.201692281191505,0.2977057624415,0.317500622987868,0.224858762976941,0.328711215139739,0.239795100145253,0.254888510553012,0.266619856882743,0.0432658762242555,0.0740168872193024,0.106071541022832,0.131037178440132,0.146337761119619,0.175166567757526,0.27223003974008,0.273067606639015,0.194905602535315,0.297519799808415,0.315813330659273,0.222072807348468,0.334578263322353,0.23764581858158,0.246876953279926,0.259442920470402,0.0429373036671594,0.073919865363394,0.104143816797709,0.126690778610157,0.144400095674601,0.171102255805,0.26267152978634,0.278928492324564,0.190162724615121,0.295071410876746,0.316986326974648,0.211506111987238,0.333248533587009,0.229699341840287,0.245960166031425,0.26265583824927,0.0412525465126919,0.0696535003606027,0.101819340118692,0.120190767565484,0.13625147948588,0.165691997300301,0.263494285848999,0.275610248417984,0.182261835359545,0.293406381020618,0.310926231907715,0.207427828575706,0.331426052786716,0.229790770092591,0.239616975542539,0.251607710427464,0.0396848585073784,0.0696273047945776,0.0969287062589453,0.119189238181596,0.134242926538774,0.160444623136802,0.263593438648047,0.275740775635061,0.181935865328741,0.288712780646764,0.315788485489445,0.207530643977173,0.333830411396717,0.224062366028395,0.237014963306189,0.252396995207754,0.0388672402091954,0.0677668215928323,0.0943844181116332,0.116757098590502,0.130406437318526,0.156422377592188,0.259964033572789,0.273504450701358,0.174717790487327,0.286991853926574,0.310792673425226,0.202298713074019,0.327579817173969,0.217876226707641,0.234970751299491,0.245305594214976,0.0386670127235816,0.0667638192159643,0.0943193721166741,0.114914120644325,0.128099811768446,0.153748301335554,0.255627726124948,0.274478686354066,0.1727715342249,0.289463395763834,0.311709681571131,0.201916295428402,0.329123269185706,0.216163290761858,0.23251823519845,0.248581914379122,Complete 
2050-01-08,0.0376911099131274,0.0660751146659971,0.0909231889992805,0.11105139132904,0.129418756133093,0.150475561960109,0.258353341191258,0.280081924978733,0.174494988937854,0.299743934620726,0.319978154058753,0.198171666170188,0.337013958454522,0.216021262779102,0.233228861669158,0.250526781421406,0.0360299300755633,0.0620382732336479,0.0858037381947752,0.10513314819245,0.120205582441743,0.145607406787419,0.259861659185196,0.278243498891941,0.161139846301683,0.305634725608963,0.334074342231091,0.191193911983707,0.360811397671108,0.210347508983387,0.220612752413542,0.246447066572381,0.0300751559188004,0.0599444881483085,0.0969337955588806,0.129547886288128,0.158380838980994,0.192666938713513,0.283145632584048,0.288352737292241,0.211603733400724,0.302498738018889,0.329250685928119,0.240135240444865,0.341746358313337,0.255457368819498,0.270408602945635,0.277958515533007,0.0345345298584058,0.0591014261802026,0.0829175315103022,0.102635367858111,0.118799265538282,0.138262774118285,0.261165148090571,0.288138642120524,0.157702510108531,0.311915666196641,0.346420342829814,0.187529274734835,0.374338909058464,0.207750615929403,0.224046583926742,0.24622899023614,0.0342876489246809,0.0587272403359021,0.0848580519786056,0.101202632022312,0.118032103862994,0.138305760866084,0.270886382779726,0.292882000192089,0.157590000935779,0.327663165323768,0.359596281481388,0.186200260193174,0.357224713749238,0.210173262202941,0.224367440508096,0.245420432614794,0.0402024754190812,0.0722403631852622,0.107828560171069,0.133177289948395,0.155587015972354,0.18425637150474,0.284097998522149,0.288320450358244,0.206292165549981,0.302846269995877,0.326072582038942,0.227472136346072,0.338146453736356,0.251491557215093,0.259850982351204,0.27443392637148,0.0346152116802334,0.0598664621978119,0.0851100036690752,0.103700211531604,0.11754417058988,0.140905860561019,0.280881509616285,0.30799892437715,0.163378587305222,0.335789277113791,0.353899176852829,0.188290545007402,0.34532202246235,0.211787685630436,0.225698928550078,0.257464561559064,0.041835227646658,0.0738474987752284,0.105479999711377,0.13086689758044,0.151571323255528,0.177792989250886,0.273861505266771,0.280059753100272,0.201926830325983,0.303924406390835,0.324676528634819,0.226389698133097,0.339331963499818,0.242255072893462,0.258132086926647,0.270440463546341,0.0426216031816526,0.0729657062604092,0.104659232210947,0.129258896739666,0.144996265756028,0.174526210150624,0.276144634374565,0.277837838303835,0.195571060379866,0.303811203489669,0.323162826634701,0.224241884950116,0.345413593235431,0.24023022651977,0.249711140636509,0.263213353526032,0.0423919171126164,0.0732023227474946,0.103323649830555,0.126092768942014,0.144124800450492,0.17135708395883,0.266561145516631,0.28353515996896,0.19126144159942,0.301459543964644,0.324530925865372,0.213678598424587,0.344218425666841,0.23252897769467,0.248990680278568,0.266296526278442,0.0409270321481284,0.0693946737927306,0.10141326365222,0.119856592395936,0.136349556525127,0.166515555222042,0.267636155535255,0.280550503227961,0.183754909344613,0.299782229645673,0.318621826772184,0.20966310642291,0.342510213920813,0.232431826327873,0.242703832367645,0.255233122458353,0.0395634153906928,0.0694685569786886,0.0968627092097971,0.119302341249492,0.134559065872498,0.161272098209476,0.267627265022187,0.280671069577702,0.183556943322229,0.295230147719411,0.323742229828763,0.209767745545676,0.344979239658849,0.226780246357164,0.240114590445186,0.25594429421761,0.0388618258757904,0.0679728955319842,0.0947310556883883,0.117281161993776,0.131212592156103,0.157630506789129,0.264108366061947,0.278526210673099,0.176472041256605,0.294257790675784,0.318911885643489,0.204430151111158,0.33867521300159,0.220640068333218,0.238300134375457,0.249266965000898,0.0387567496076915,0.067013440089944,0.0946637533037762,0.115442068237846,0.128876182878524,0.155067865555039,0.259657988738876,0.279805600803321,0.17443873504686,0.296283451060259,0.320026854520382,0.204301543671298,0.340177544802744,0.219107403585509,0.23560962906861,0.252190033945386,Complete 
2050-01-09,0.0367195555453766,0.0645203434522394,0.0889366085088572,0.108825028041541,0.126946320103396,0.147756441953388,0.256770894706765,0.278356359321463,0.171553434570171,0.297485933745648,0.317775493905203,0.195270042703627,0.333987576945408,0.213405695618394,0.230702641745434,0.248635534031581,0.035153459998358,0.0606775021875203,0.0841558455665229,0.103236853618952,0.11817236024988,0.143242551489871,0.258385339448925,0.276779929823017,0.1587236679831,0.303683764332025,0.3321117187321,0.188714229472872,0.357813437649049,0.208040603782074,0.218541418613704,0.244659841716872,0.0290296038177721,0.058224457200922,0.0945025930824504,0.126515517417371,0.154513587847907,0.187160624027141,0.28097987333047,0.286454886148913,0.205949512419212,0.300049721176728,0.326940161498345,0.234623299814098,0.339608483029414,0.249712800180157,,0.273932772733465,,0.0579253980897925,0.0814310038563252,0.100893296145071,0.116910671242525,0.136242585143392,0.260007163479813,0.286895592077736,,0.310311362806315,0.34460427784844,0.18530543304834,0.37156387810241,0.205774328097574,0.222266865100438,0.244692001886334,0.0335652178003043,0.0575537517455152,0.0833241298978186,,0.116195067456634,0.136348606231199,0.269803428447004,0.291546054875173,0.155604424715082,0.325941722605438,0.357613994143599,0.184148358300253,,0.208207133345118,,0.244114978272227,0.0389071441940443,0.0701506589185102,0.104911750658602,0.129412738938447,0.151401987001383,0.178860947843771,0.282004027930566,0.286567937600866,0.200518778212008,0.300343429378768,0.324075431396016,0.222028936023984,0.336200929326022,,0.255196366755412,0.270913375172943,0.0339296104581114,0.0587379394081062,0.0836548929963707,0.102042373269069,0.115823370835638,0.138965030216375,0.279793454147093,,0.161323770137678,0.333874655446621,0.352425733602897,0.186349278358822,0.344232955301595,0.210017743989475,0.224069009768,0.25615424169011,0.0405153572647535,0.0716433113081579,0.102448965979796,0.127314550369497,0.147747518923488,0.172877832831678,0.271906441061631,0.278405438087259,0.196820856719521,0.301353474553033,0.322442139650562,0.221455048404842,,0.237634817582418,0.253633051244838,0.267168084474109,0.0413370070802767,0.0709287648020991,0.101907317440147,0.126128592494919,0.141398411164347,0.170055553280212,,0.276173756135702,0.191061710196085,0.30120431637667,,0.219593709727901,0.343249047874448,0.235791305712577,0.245805346319117,0.260261359778164,0.0411461252839331,0.0711737396455416,0.100693614688014,0.122917364984206,0.140666770354486,0.167421478842267,0.264823732419097,0.281790958850687,0.187017271997968,0.29893793389502,0.322348081730694,0.209491423150287,0.341870978736111,0.228462408298939,0.245469318591686,0.263474859328941,0.0397639636309111,0.0675876393478778,0.0989431343865063,0.117128846590959,0.133306894046215,0.162836226716616,0.265937107273486,0.278841873081304,0.17992138754374,0.297316639586,0.316510052467233,0.205751518925248,0.340069597679229,0.228751894635334,0.239368069046919,0.252706043058844,0.0384844609737952,0.067712167710874,0.0945960652832703,0.116654196521936,0.131753390032165,0.157942826296229,0.26592516552253,0.27892844347972,0.179961542135757,0.292846336586748,0.321508832018589,0.206114761718828,0.342325492173867,0.223470397164293,0.23706958154466,0.253379127524595,0.0377975992561568,0.0663474443565034,0.0926442702833296,,0.128569332947129,0.154482831922001,0.262466362126479,0.276795217251283,0.173167057903631,0.292166403725494,0.316788907728272,0.201135096904759,0.335991705361789,0.217553812464946,0.235488526037822,0.247136516813292,0.0377280383471274,0.0653953760286718,0.0925460972774399,0.113000148054592,0.126278956428542,0.152111281644376,0.258052465390074,0.278087414769767,0.171310292742362,0.293984952413036,0.31784383350858,0.201227007404266,,0.216233482164434,0.232886755987968,,Missing Data
2050-01-11,0.0367080295104092,0.0643465336184424,0.0885929563647238,0.108403818796198,0.126249955752482,0.147035434859377,0.257924380702091,0.279925693657922,0.170597525434842,0.299262905654067,0.320373211706312,0.194807702612883,0.337382543208547,0.213437249129695,0.230661547584977,0.249361351722805,0.0350936933568404,0.0604695626413031,0.0839377029354927,0.102864844659938,0.117721020379871,0.142716869197305,0.259693434469786,0.278585259047198,0.158356438081127,0.305832003183622,0.335218758095636,0.18853527462534,0.361655421337709,0.208092961673108,0.218970929263811,0.245534392080886,0.0297002119234374,0.0595417021732375,0.0958497832874495,0.127727625995443,0.154620821834295,0.186548061473811,0.281512089819759,0.287968953977006,0.204539202540308,0.301448778668684,0.328912037350618,0.232658198879651,0.34388827992219,0.248270219711951,0.264253228599356,0.273170268518292,0.033816635040528,0.0578946702018613,0.081304403127188,0.100674568211129,0.116693832533757,0.136074042384875,0.261537300981468,0.288971412137701,0.155526556440404,0.312896835993196,0.347437869448241,0.185179712703491,0.375736812917124,0.205893820111099,0.222874394051124,0.245758369952999,0.0335928015880421,0.0575041119553198,0.0831844342713376,0.0993791840948797,0.116062011201139,0.136254510366741,0.271673792856209,0.293748837041291,0.155704201248834,0.328718326547536,,0.184249689561218,0.358972893673729,0.208590537329231,0.223754181056168,0.245372821346084,0.0394531566910714,0.0708963283111888,0.105434911408005,0.12921474496849,0.150817121513797,0.177566553356101,0.282743856208916,0.288103529249478,0.19859491099587,0.301754273191349,0.326303459539351,0.220160541479061,0.340625520294453,0.2453405074976,0.254063549020309,0.27069995695627,0.0339887881646794,0.0587544279077075,0.0835417245140333,0.101907385529325,0.115782979077974,0.138970935206324,0.28181223049382,0.309051845290091,0.161428810087007,0.336602934880025,0.355249800271915,0.186725954569203,0.347395288480194,0.210607217094511,0.22490650053482,0.257718036317325,,0.0721028940827032,0.102582354096253,0.126826600232378,0.146950152898489,0.171606571008352,0.272707730139509,0.279887606849363,0.195296801221968,0.302753393172685,0.324230826244671,0.219932153292062,0.341518029266222,0.236310873051492,0.252716018719684,0.267169116320622,0.0416416766395895,0.0711330032185914,0.101744115534501,0.125470247832963,0.140259026186774,0.168402718700222,0.275226471967304,0.277735661617774,0.18957757745565,0.302609445864025,0.322948884777207,,0.34730218926099,0.234595109073703,0.24480371618912,0.260368316592948,0.0413124187242601,0.0712734636515457,0.100477090954873,,0.139937911151562,0.166337228383066,0.265885196159418,0.283257173970554,0.18574384037074,0.300360300755711,0.324413957440781,0.208310114128999,0.345899779479277,0.227482330299457,0.24490667808669,,0.0398794199689854,0.0676881145177854,0.0987042315807802,0.116612765471843,0.132625372876854,0.162003751580881,0.267082612963604,0.280385818037036,0.178947907547972,0.298768416364441,0.318666778387406,0.204647953207088,0.344104311977052,0.227685794280895,,0.252946615151052,0.0385254466667092,0.0676578507884114,0.0942879207697729,0.116165958754327,0.131020456781262,0.156942490061213,0.267094391146319,0.280405053225611,0.179031774820219,0.294221951246646,0.323739407835459,0.205111983620439,,,0.236852248953594,0.253764452548227,0.0378095208762675,0.066307714418258,0.0923870520458484,0.114404278225854,0.128019194249915,0.153656889012363,0.263672924588871,0.278284261953331,0.172310561384488,0.293831309455251,0.319221368524173,0.200149466763766,0.339856969151683,0.217041720862419,0.235527532486054,0.247918509876989,0.0377246186118096,0.0652453365302003,0.0921498568060839,0.11244132106239,0.125587955569958,0.151350602892333,0.259222492008043,0.279649583823136,0.17038801489532,0.295626206085919,0.320370753700032,0.200707640417767,0.340949361489004,0.216027065737282,0.232764693890369,0.250683842051096,Missing Data
2050-01-12,,,,,,,,,,,,,,,,,,,,,,,,,,,,,,,,,,,,,,,,,,,,,,,,,,,,,,,,,,,,,,,,,,,,,,,,,,,,,,,,,,,,,,,,,,,,,,,,,,,,,,,,,,,,,,,,,,,,,,,,,,,,,,,,,,,,,,,,,,,,,,,,,,,,,,,,,,,,,,,,,,,,,,,,,,,,,,,,,,,,,,,,,,,,,,,,,,,,,,,,,,,,,,,,,,,,,,,,,,,,,,,,,Future prediction
2050-01-13,,,,,,,,,,,,,,,,,,,,,,,,,,,,,,,,,,,,,,,,,,,,,,,,,,,,,,,,,,,,,,,,,,,,,,,,,,,,,,,,,,,,,,,,,,,,,,,,,,,,,,,,,,,,,,,,,,,,,,,,,,,,,,,,,,,,,,,,,,,,,,,,,,,,,,,,,,,,,,,,,,,,,,,,,,,,,,,,,,,,,,,,,,,,,,,,,,,,,,,,,,,,,,,,,,,,,,,,,,,,,,,,,Future prediction
2050-01-14,,,,,,,,,,,,,,,,,,,,,,,,,,,,,,,,,,,,,,,,,,,,,,,,,,,,,,,,,,,,,,,,,,,,,,,,,,,,,,,,,,,,,,,,,,,,,,,,,,,,,,,,,,,,,,,,,,,,,,,,,,,,,,,,,,,,,,,,,,,,,,,,,,,,,,,,,,,,,,,,,,,,,,,,,,,,,,,,,,,,,,,,,,,,,,,,,,,,,,,,,,,,,,,,,,,,,,,,,,,,,,,,,Future prediction
